{"cameraMode":{"drawMode":0,"name":"Shaded","section":"Shading Mode"},"sceneLighting":false,"audioPlay":false,"sceneViewState":{"m_AlwaysRefresh":false,"showFog":true,"showSkybox":false,"showFlares":true,"showImageEffects":true,"showParticleSystems":true,"showVisualEffectGraphs":true,"m_FxEnabled":true},"in2DMode":false,"pivot":{"x":23.822097778320314,"y":-9.991331100463868,"z":-15.828861236572266},"rotation":{"x":-0.06881207972764969,"y":0.23186567425727845,"z":-0.016445139423012735,"w":-0.9701585173606873},"size":19.06308937072754,"orthographic":false}